image,category,price
https://s.ecrater.com/stores/84056/629a57ef149cd_84056f.jpg,satmaximum,$8.99,50 ft White cat5e ethernet cable
https://tmpp.ecrater.com/stores/364495/629a4bb62e151_364495f.jpg,closeoutwarehouse,$6.95,FB163RCC USB Charging Cable Cord Replacement for Fitbit Charge 2 Fitness Watch
https://s.ecrater.com/stores/414224/629a22cc51c58_414224f.jpg,anvone,$599.99,GE 03-50049-001 REF 5803177 Battery Replacement
https://s.ecrater.com/stores/535157/629a1b21f07d7_535157f.jpg,fayaltech,$9.99,Open Office Suite  2022 for Microsoft Windows 10 11 best alternative Microsoft Office
https://s.ecrater.com/stores/375474/6299ee94eecaa_375474f.jpg,buyeverythingguysale,$345.00,Canon PIXMA iP100 Inkjet Mobile Photo Printer New 515a3 #1
https://s.ecrater.com/stores/414224/62998c96ab73f_414224f.jpg,anvone,$199.99,Original 3581A7PH-1S4P Autel MaxiSYS Ultra Battery Replacement 3.8V 68.4Wh 18000mAh
https://s.ecrater.com/stores/414224/62996ceff2747_414224f.jpg,anvone,$89.99,M39179-005 HP WK04XL Battery Replacement HSTNN-OB2C M38822-AC1 HSTNN-IB9V WK04070XL
https://s.ecrater.com/stores/414224/62996a360f975_414224f.jpg,anvone,$99.99,G91J0 Battery Replacement For Dell Inspiron 15 3515 3511 3520 5410 G91JO P144G C91J0
https://s.ecrater.com/stores/414224/629969ea1a91b_414224f.jpg,anvone,$99.99,G91J0 Battery Replacement For Dell Latitude 3320 3420 3520 P144G002 0MGCM5 C91JO
https://s.ecrater.com/stores/414224/62996966383eb_414224f.jpg,anvone,$79.99,L20C3PG0 Battery Replacement SB11B36305 5B11B36308 For Chromebook 500e Gen 3
https://s.ecrater.com/stores/414224/629969109fa0e_414224f.jpg,anvone,$79.99,L20D3PG0 Battery Replacement SB11B36299 5B11B36319 For Chromebook 500e Gen 3
https://s.ecrater.com/stores/414224/629968ce7b4da_414224f.jpg,anvone,$79.99,L20D3PG2 Battery Replacement SB11B36318 5B11B36314 For Chromebook 500e Gen 3
https://s.ecrater.com/stores/414224/62996877d6267_414224f.jpg,anvone,$79.99,L20L3PG0 Battery Replacement SB11B36304 5B11B36310 For Chromebook 500e Gen 3
https://s.ecrater.com/stores/414224/62996832e5f64_414224f.jpg,anvone,$79.99,L20L3PG2 Battery Replacement SB11B36322 5B11B36309 For Chromebook 500e Gen 3
https://s.ecrater.com/stores/414224/629967e9ca53c_414224f.jpg,anvone,$79.99,L20M3PG2 Battery Replacement SB11B36316 5B11B36317 For Chromebook 500e Gen 3
https://s.ecrater.com/stores/414224/629967541c9b5_414224f.jpg,anvone,$89.99,HP M02027-005 Battery Replacement M01524-1D1 M01524-2C1 For HP ProBook 440 G8 ProBook 640 G8
https://s.ecrater.com/stores/414224/6299670de68c8_414224f.jpg,anvone,$89.99,HP RH03XL Battery Replacement M01524-171 M01524-2B1 For HP ProBook 430 G8 ProBook 630 G8
https://s.ecrater.com/stores/414224/6299655aeef89_414224f.jpg,anvone,$89.99,HSTNN-OB1T Battery Replacement M01524-AC1 M01524-541 For HP ProBook 450 G8 ProBook 650 G8
https://s.ecrater.com/stores/414224/629960f8b3dba_414224f.jpg,anvone,$99.99,HP WK06XL Battery Replacement M41711-005 HSTNN-OB2I For Omen 17-ck0010nr 17-ck0079tx
https://s.ecrater.com/stores/414224/629960ae2eff6_414224f.jpg,anvone,$99.99,M41711-005 HP WK06XL Battery Replacement HSTNN-OB2I M41640-AC1
https://s.ecrater.com/stores/414224/629956b957c31_414224f.jpg,anvone,$89.99,5XJ6R Battery Replacement For Dell XPS 17 9700 F8CPG 03324J G8XFY XG4K6 01RR3
https://s.ecrater.com/stores/414224/6299564fa6de3_414224f.jpg,anvone,$99.99,XG4K6 Battery Replacement For Dell F8CPG 01RR3 11.4V 97Wh 8071mAh
https://s.ecrater.com/stores/414224/629955dd0cfb7_414224f.jpg,anvone,$99.99,XG4K6 Battery Replacement For Dell F8CPG 01RR3 11.4V 97Wh 8071mAh
https://s.ecrater.com/stores/414224/6299507cd3961_414224f.jpg,anvone,$99.99,V6W33 Battery Replacement For Dell Inspiron 14 7415 2-in-1
https://s.ecrater.com/stores/414224/629950453634e_414224f.jpg,anvone,$99.99,V6W33 Battery Replacement For Dell Inspiron 15-5510 XDY9K 0WV3K8 15V 54Wh
https://s.ecrater.com/stores/414224/62994ffdbd2f9_414224f.jpg,anvone,$99.99,V6W33 Battery Replacement For Dell Inspiron 15-5515 0XDY9K WV3K8 15V 54Wh
https://s.ecrater.com/stores/414224/62994fbb97787_414224f.jpg,anvone,$99.99,V6W33 Battery Replacement For Dell Latitude 3520
https://s.ecrater.com/stores/414224/62994f7b4a0f4_414224f.jpg,anvone,$99.99,V6W33 Battery Replacement For Dell Vostro 5415
https://s.ecrater.com/stores/414224/62994ef238e58_414224f.jpg,anvone,$99.99,GRT01 Battery Replacement For Dell 0VXD57
https://s.ecrater.com/stores/414224/6298c8e636452_414224f.jpg,anvone,$259.99,BT034-1 Li-Ion Battery CAIRE Inc Freestyle Comfort AS200 oxygen concentrator
https://s.ecrater.com/stores/414224/6298c8a0a9b86_414224f.jpg,anvone,$259.99,BT034-1 Battery For Freestyle Comfort Portable 4INR19/66-2 14.4V 96.5Whr
https://s.ecrater.com/stores/414224/6297675ccd579_414224f.jpg,anvone,$499.99,EVS-MBP Battery Replacement EVS-MBP-Y For DRTECH EVS 4343 Detector
https://s.ecrater.com/stores/414224/629767192fac6_414224f.jpg,anvone,$499.99,EVS-MBP Battery Replacement EVS-MBP-Y For DRTECH EXT 1824G Flat Panel Detector
https://s.ecrater.com/stores/414224/629766dcd25ca_414224f.jpg,anvone,$499.99,EVS-MBP Battery Replacement EVS-MBP-Y For EVS3643 Flat Panel Digital X-ray Detector
https://s.ecrater.com/stores/414224/6297669ab98e6_414224f.jpg,anvone,$499.99,EVS-MBP-Y Battery Replacement EVS-MBP For DRTECH EVS 2430Wi EVS 2430GWi Detector
https://s.ecrater.com/stores/414224/62976635bd10a_414224f.jpg,anvone,$499.99,EVS-MBP-Y Battery Pack Replacement EVS-MBP For X-Ray Detector EVS 2430W EVS 2430GW
https://s.ecrater.com/stores/562483/62975e7010f0d_562483f.jpg,youisr4softs,$98.99,AutodeskÂ®â AutoCADâ 2022â | For Windâ | Life Time [Download]â
https://s.ecrater.com/stores/558208/62971f1256455_558208f.jpg,all4saleuk,$85.00,"Microsoft Office 2021 Professional Plus DVD, Keycard 1 PC Lifetime"
https://tmpp.ecrater.com/stores/558208/629de7b2bac7b_558208f.jpg,all4saleuk,$70.00,"Microsoft Office 2019 Professional Plus DVD, Keycard 1 PC Lifetime"
https://s.ecrater.com/stores/375474/62955ff73478d_375474f.jpg,buyeverythingguysale,"$1,250.00",Unet intel 7520 server w dual 3.2 xeon processor network server w drives as is
https://s.ecrater.com/stores/564343/629516d5e3e38_564343f.jpg,yauosersoft,$103.89,NuanceÂ®âDragonâ Professionalâ Individualâ v15 For Windâ| LifeTimeâ[Download]
https://s.ecrater.com/stores/563175/6294d5ca62646_563175f.jpg,bluebubbles22,$26.05,Smart Voice Wireless Mouse
https://s.ecrater.com/stores/563175/6294c9156a48f_563175f.jpg,bluebubbles22,$50.00,"TEG1005D 5 Port 1000M Gigabit Ethernet Switch,10 100 1000Mpb"
https://s.ecrater.com/stores/563175/62947a8979f6f_563175f.jpg,bluebubbles22,$27.45,Wireless Phone Charger Mouse Pad
https://s.ecrater.com/stores/563175/6294797144507_563175f.jpg,bluebubbles22,$21.74,Computer Mechanical Electric Mouse
https://s.ecrater.com/stores/563175/629472227a658_563175f.jpg,bluebubbles22,$30.69,Notebook Air-cooled Radiator
https://s.ecrater.com/stores/563175/62939801d552d_563175f.jpg,bluebubbles22,$16.96,Pencil 1nd Gen Storage Box Touch Tablet Pen Accessories Portable Hard Cover Travel Case
https://s.ecrater.com/stores/566893/62936c203a2a5_566893f.jpg,ndigital,$5.99,Eset Internet Security 1 year 1 pc Instant Delivery
https://s.ecrater.com/stores/563175/62935d822250d_563175f.jpg,bluebubbles22,$33.07,X Style Adjustable Foldable Aluminum Laptop Stand
https://s.ecrater.com/stores/563175/62933b26ca5ee_563175f.jpg,bluebubbles22,$21.74,General Motors Antenna + Base
https://s.ecrater.com/stores/563175/629338e23deee_563175f.jpg,bluebubbles22,$16.40,Three-in-one magnetic adapter
https://s.ecrater.com/stores/563175/62932dc8133ad_563175f.jpg,bluebubbles22,$36.87,Desktop Internet Celebrity Live Broadcast tHandheld stand
https://s.ecrater.com/stores/567596/6292e4c58030c_567596f.jpg,digikeypro,$14.90,Windows 10 Pro Product Activation Key - 1 PC - Windows 10 Professional
https://s.ecrater.com/stores/560191/6291e8734f2db_560191f.jpg,ladamowy,$68.99,SketchUpÂ®âPro 2021Â® | FullÂ® Versionâ | For WinÂ®â | LifeTimeâ [Download]
https://s.ecrater.com/stores/516262/628fff70a9007_516262f.jpg,compusave,$895.00,"NEW Custom Tower PC: ASUS TUF B365M-PLUS, Core i9-9900K,16GB DDR4,1TB NVMe M.2 SSD+2TB HDD,Win11"
https://s.ecrater.com/stores/365873/628ff9722d29d_365873f.jpg,shaelily,$7.95,Green Marble Mouse Pad Circle
https://s.ecrater.com/stores/249906/628fda328db72_249906f.jpg,drakkor,$20.00,â USB Powered Bluetooth Computer Speakers PC / MAC 3.5mm Audio Jack RGB LED - NEW â
https://s.ecrater.com/stores/516262/628e8ea6d62d6_516262f.jpg,compusave,$275.00,"Lenovo ideaPad S145-15IKB Laptop - Intel Core i3-8130U, 8GB DDR4, 256GB NVMe SSD+1TB HDD, Win11"
https://s.ecrater.com/stores/414224/628e33917033a_414224f.jpg,anvone,$399.99,MAQUET Battery Module REF 6487180 Replacement SERVO-I OM11365 SERVO-S
https://s.ecrater.com/stores/375474/628e16eae5dc5_375474f.jpg,buyeverythingguysale,$359.00,ACUANT SCANSHELL 800DX ECW DUPLEX OCR SCANNER eClinical tested as pictured 2H
https://s.ecrater.com/stores/517450/628d8528650b0_517450f.jpg,usbuscn,$449.88,"LG 35"" Class UltraWide Curved WQHD HDR10 Monitor, 3440 x 1440 Display"
https://s.ecrater.com/stores/564343/628cc163972df_564343f.jpg,yauosersoft,$66.99,MakeMusicâ FinaleÂ® Versionâ 27 | For Windâ | LifeTimeâ Activationâ [Digital Delivery]
https://s.ecrater.com/stores/284638/628bd2880df62_284638f.jpg,bloodaze,$39.95,rare webroot internet security esentials for windows xp 32 bit & vista 32bit & 64bit
https://s.ecrater.com/stores/516262/628bbe1dae261_516262f.jpg,compusave,$325.00,"Dell Inspiron 3593 15.6"" Laptop, 10th Gen Intel Core i5, 8GB DDR4, 256GB NVMe SSD + 1TB HDD, Win11"
https://s.ecrater.com/stores/560191/628b7280b2ca5_560191f.jpg,ladamowy,$34.99,CCleaner Professional 2021 | For Win | LifeTime [Download]
https://s.ecrater.com/stores/535157/628ac05abed1c_535157f.jpg,fayaltech,$9.99,Ultimate Boot CD  First  Emergency CD and Data Recovery
https://s.ecrater.com/stores/355371/628eb0c7336d3_355371f.jpg,aosprey,"$1,499.00",GE Fanuc IC693CPU364-BO CPU
https://s.ecrater.com/stores/473685/6288f8d7f3330_473685f.jpg,huwaisat,$38.99,Ashampoo UnInstaller - Clean uninstallation leftovers!
https://s.ecrater.com/stores/563175/6288d0e2ce282_563175f.jpg,bluebubbles22,$19.33,Marble Pattern Protective Sleeve Mini
https://s.ecrater.com/stores/516262/628813da5ae05_516262f.jpg,compusave,$475.00,"Asus VivoBook 15 Laptop: AMD Ryzen 5 3500U, 8GB DDR4, 256GB SSD, WIFI, Bluetooth, Windows 10"
https://s.ecrater.com/stores/562483/6287d972d4645_562483f.jpg,youisr4softs,$81.99,AdobeÂ®Acrobatâ Proâ DCâ 2021| For Windâ | LifeTime [Download]â
https://s.ecrater.com/stores/516262/6287c3685dd1e_516262f.jpg,compusave,$315.00,"Lenovo Z50-75 15.6"" Laptop, AMD FX-7500 Quad Core, 16GB RAM, 1TB SSD, DVDÂ±RW, Wifi, BT, Win10"
https://s.ecrater.com/stores/491176/6287b438d1df2_491176f.jpg,bayaxbr,$12.00,Eset Internet Security 1 year 1 pc BR key  .. read description!
https://s.ecrater.com/stores/414224/6287aeb9d388b_414224f.jpg,anvone,$59.99,GPD Win Win1 Battery Replacement 8448104 4448A1
https://s.ecrater.com/stores/379210/62879f81af637_379210f.jpg,skylines,$90.99,5 In 1 Stove Tool with Flat Iron Cross Base
https://s.ecrater.com/stores/379210/62879e959b699_379210f.jpg,skylines,$74.99,Arm Trainer Line Warrior Training Equipment Slackline Kit for Kids
https://s.ecrater.com/stores/379210/62879d217d144_379210f.jpg,skylines,$199.99,Kids Wooden Backyard Sandboat with Flag
https://s.ecrater.com/stores/379210/62879c5a6661d_379210f.jpg,skylines,$21.99,Disposable Hood Coverall Isolation Garment with Elastic Wrist Design White
https://s.ecrater.com/stores/379210/62879b43bc80a_379210f.jpg,skylines,$49.99,2-Piece Wall Mounted Wooden Jewelry Storage
https://s.ecrater.com/stores/379210/62879a86ef744_379210f.jpg,skylines,$40.99,Wooden Height Adjustable Soft Kidâs Stool
https://s.ecrater.com/stores/379210/628798bec1ec6_379210f.jpg,skylines,$34.99,5' x 3.5' Kid's Inflatable Swimming Pool
https://s.ecrater.com/stores/379210/62879629170bd_379210f.jpg,skylines,$123.99,8000W 576 LEDs Full Spectrum Grow Light
https://s.ecrater.com/stores/379210/628794a327573_379210f.jpg,skylines,$82.99,Wall Mounted Bathroom Storage Cabinet with Towel Shelf White
https://s.ecrater.com/stores/379210/6287932f39c1b_379210f.jpg,skylines,$35.99,"LEADZM 26-55"" Adjustable Wall Mount Bracket Rotatable TV Stand"
https://s.ecrater.com/stores/414224/62877e77436e5_414224f.jpg,anvone,$99.99,GPD win max Battery Replacement 4545165-3S
https://s.ecrater.com/stores/414224/628773716472f_414224f.jpg,anvone,$99.99,GPD win3 Battery Replacement 565774-3S
https://s.ecrater.com/stores/414224/62876e241043b_414224f.jpg,anvone,$119.99,GPD P2 Max Battery Replacement 654793-2S
https://s.ecrater.com/stores/414224/62876dc804af4_414224f.jpg,anvone,$129.00,GPD pocket2 Battery Replacement 654783-2S
https://s.ecrater.com/stores/414224/62876965e5d0a_414224f.jpg,anvone,$89.99,GPD MicroPC Battery Replacement 4841105-2S
https://s.ecrater.com/stores/414224/628767c27b360_414224f.jpg,anvone,$89.99,GPD Win 2 Battery Replacement 6438132-2S 6538134
https://s.ecrater.com/stores/414224/6286008b47e2e_414224f.jpg,anvone,$69.99,NV-635170-2S DR-CW526 Battery Replacement For Chuwi Minibook 8 CWI526 CWI519 7.6V 4200mAh
https://s.ecrater.com/stores/516262/6283ec174edae_516262f.jpg,compusave,$230.00,Synology RT2600AC IEEE 802.11ac Wireless Router - 2.4GHz ISM Band - 5GHz UNII Band(4 x External)
https://s.ecrater.com/stores/517450/6283268eb7eb9_517450f.jpg,usbuscn,$369.88,"Linksys Velop AX4200 WiFi 6 Mesh System, 2-Pack (MX8400C)"
https://s.ecrater.com/stores/414224/62810954915de_414224f.jpg,anvone,$89.99,HSTNN-DB9V L86557-005 HP SL04XL Battery Replacement L86483-2C1 7.7V 49.97Wh
https://s.ecrater.com/stores/414224/6280fd921adaa_414224f.jpg,anvone,$99.99,HP GZ06XL Battery HSTNN-IB8J L08543-1C1 GZ06054XL TPN-C137 For B94TNC137FWPH
https://s.ecrater.com/stores/414224/6280fd39530af_414224f.jpg,anvone,$99.99,HSTNN-IB8J Battery For HP GZ06XL L08543-1C1 GZ06054XL Convertible PC TNC137FWPH
https://s.ecrater.com/stores/245468/62806abee08b4_245468f.jpg,powerenergy,$70.39,External Laptop Battery Charger for HP JC03 JC04 HSTNN-DB8B HSTNN-DB8A
https://s.ecrater.com/stores/491086/628010b39b02c_491086f.jpg,egrotrade,$26.99,Microsoft Office Home and Business - Digital Download
https://s.ecrater.com/stores/95893/6280101acdb57_95893f.jpg,bargainhuntersparadise,$44.99,Linksys Active-Cooled Dual-Band Wifi Router WRT1900AC
https://s.ecrater.com/stores/491086/628007612dbdd_491086f.jpg,egrotrade,$39.99,Aiseesoft Data Recovery Lifetime 1 PC Software License
https://s.ecrater.com/stores/414224/627efc8591221_414224f.jpg,anvone,$299.99,MDA-3321 Adlink Battery Replacement For Olympus MAJ-2493 11.1V 2000mAh 22.2Wh
https://s.ecrater.com/stores/414224/627efc2f0a70f_414224f.jpg,anvone,$299.99,MAJ-2493 Olympus Battery Replacement For Adlink MDA-3321 11.1V 2000mAh 22.2Wh
https://s.ecrater.com/stores/414224/627ef4b3eba24_414224f.jpg,anvone,$89.99,IMX3000-B26L-1 Battery For Adlink IMX-3000 Handheld Computer 3.7V 2600mAh 9.62Wh
https://s.ecrater.com/stores/414224/627e6dfc790c2_414224f.jpg,anvone,$79.99,HP L84398-005 Battery Replacement HSTNN-LB8T L84182-421 For Chromebook X360 14X-CA
https://s.ecrater.com/stores/414224/627e6dae3771d_414224f.jpg,anvone,$79.99,HP BC03XL Battery Replacement HSTNN-IB9K L84182-1C1 For Chromebook X360 14X-CA
https://s.ecrater.com/stores/559023/627cd497a8755_559023f.jpg,miozosoftos,$104.99,QuickBooksÂ®â Entrepriseâ Pro 2021 | For Windwâ | LifeTimeâ | [DOWNLOAD]
https://s.ecrater.com/stores/516262/627be983deb20_516262f.jpg,compusave,"$1,395.00","Custom RX6600 GAMING PC: MSI Z590-A Pro, 32GB, 1TB GAMING SSD+2TB HDD, Wifi, BT, Win11 Pro"
https://s.ecrater.com/stores/562483/627b809b59d26_562483f.jpg,youisr4softs,$53.99,CorelDRAWÂ®â Graphicsâ Suite 2021 | For Windâ | Life TimeÂ® [Download]
https://s.ecrater.com/stores/564130/627af60035a51_564130f.jpg,videogamesndvds2,$79.99,Compaq:Evo N610c  Labtop computer
https://s.ecrater.com/stores/508387/6279309a343f3_508387f.jpg,deborahstore,$17.50,Apple AirTag - 1 pack
https://s.ecrater.com/stores/379210/627921a1aec84_379210f.jpg,skylines,$331.99,LEADZM Ride-on Bumper Car with Remote Pink
https://s.ecrater.com/stores/379210/627920afd1953_379210f.jpg,skylines,$299.99,8-Gallon Stainless Steel Multifunctional Distilling Equipment
https://s.ecrater.com/stores/379210/62791fb05cc61_379210f.jpg,skylines,$34.99,Outdoor Hanging Hollow LED Decorative Solar Lantern
https://s.ecrater.com/stores/379210/62791ed23595e_379210f.jpg,skylines,$29.99,"21"" x 14"" Double Layer Waterproof Cat Litter Mat Blue"
https://s.ecrater.com/stores/379210/62791dd1a0626_379210f.jpg,skylines,$69.99,"36"" Stable Cute Sisal Cat Climb Holder Cat Tower Beige"
https://s.ecrater.com/stores/379210/62791cc85e80f_379210f.jpg,skylines,$90.99,Wooden Jewelry Box with High-Grade Wall Barn Door Decoration
https://s.ecrater.com/stores/379210/62791bf32efdc_379210f.jpg,skylines,$281.99,3 Gear Shift Toy Tractor with Trailer
https://s.ecrater.com/stores/379210/62791a811c198_379210f.jpg,skylines,$107.99,2-Pack Plastic Planting Box White
https://s.ecrater.com/stores/414224/6278d1a89b001_414224f.jpg,anvone,$99.99,PA5330U-1BRS Battery Replacement For Dynabook G83 GZ83 7.7V 21Wh 2700mAh 2ICP4/63/68
https://s.ecrater.com/stores/414224/6277bf21eeda4_414224f.jpg,anvone,$95.99,BP-LC2600/33-01SI 338911120044 Battery For Getac X500 S400 11.1V 7800mAh 87Wh
https://s.ecrater.com/stores/414224/6277beec93767_414224f.jpg,anvone,$99.99,BP-LP2900/33-01PI 338911120104 Battery For Getac S400 X500 10.8V 8700mAh 94Wh
https://s.ecrater.com/stores/514817/6277ace65dd79_514817f.jpg,auytech,$29.99,The new original boxed TCL TV AI Moqing Full HD webcam C1DD video call
https://s.ecrater.com/stores/414224/62777657d454a_414224f.jpg,anvone,$199.99,RRC2020 Battery 11.25v 8850mah 99.6wh
https://s.ecrater.com/stores/414224/627775e0b4c21_414224f.jpg,anvone,$189.99,RRC2020-L Battery 11.25V 5900MAH 66.4WH
https://s.ecrater.com/stores/414224/6277748b2d948_414224f.jpg,anvone,$169.99,RRC2140 Battery 410767 11.4v 3880mah 44.23wh
https://s.ecrater.com/stores/414224/6277741a37ccb_414224f.jpg,anvone,$159.99,RRC2130 Battery 410774 7.6V 3780mAh 28.73Wh
https://s.ecrater.com/stores/414224/62776de5d220a_414224f.jpg,anvone,$159.99,DLT-M8110L Battery For Advantech DLoG DLT-M8110 DLT-M8110S 7.2V 3800mAh 27.36Wh
https://s.ecrater.com/stores/373957/6277353fd82b9_373957f.jpg,bcbg68,$8.50,EMPTY BOX For MacBook Pro 13 inch Model A2289 Silver 256GB -- EMPTY BOX ONLY
https://s.ecrater.com/stores/491176/627660ee50b70_491176f.jpg,bayaxbr,$16.50,Eset MD 1 year 3 devices .. read description!
https://s.ecrater.com/stores/491176/62765ffe5cf63_491176f.jpg,bayaxbr,$14.50,Eset NOD32 1 year 3 pc .. read description!
https://s.ecrater.com/stores/491176/62766196bd0d6_491176f.jpg,bayaxbr,$10.50,Eset NOD32 1 year 1 pc .. read description!
https://s.ecrater.com/stores/559023/62765c5e36a1f_559023f.jpg,miozosoftos,$33.99,FoxitÂ®â Phantom PDF Editor 11â| For WindâLifeTime | [e-Delevry]
https://s.ecrater.com/stores/414224/62765be305705_414224f.jpg,anvone,$99.99,HP VS08XL TPN-DB1F M85951-271 Battery Replacement
https://s.ecrater.com/stores/414224/62765a5d8ca2f_414224f.jpg,anvone,$79.99,HP UR04XL Battery Replacement TPN-DB1G M90785-2C1
https://s.ecrater.com/stores/414224/627657c99efc6_414224f.jpg,anvone,$99.99,L20M4PC2 L20C4PC2 Battery Replacement For SB11B53884 SB11B53887 Lenovo R9000P Y9000P Y9000K
https://s.ecrater.com/stores/414224/6276577804b6f_414224f.jpg,anvone,$99.99,L20M4PC1 L20C4PC1 Battery Replacement For SB11B48828 SB11B48821 Lenovo Legion 5 Pro
https://s.ecrater.com/stores/414224/62764a6aa16a3_414224f.jpg,anvone,$89.99,L19L3PF5 L19C3PF7 L19D3PF5 Battery Replacement For Lenovo IdeaPad Slim 5 14IIL0
https://s.ecrater.com/stores/414224/62764a26df25a_414224f.jpg,anvone,$89.99,L19C3PF7 Battery Replacement For Lenovo L19L3PF5 L19D3PF5 SB10X02596 Ideapad 3-15
https://s.ecrater.com/stores/414224/62764540e0bca_414224f.jpg,anvone,$89.99,L19M3PD9 L19D3PF4 L19M3PF7 L19L3PF3 Battery Replacement For Lenovo 15IMH15 15ARH05
https://s.ecrater.com/stores/414224/627645053de22_414224f.jpg,anvone,$89.99,L19M3PF7 Battery Replacement For Lenovo 5B10W89843 SB10W89840 SB10W89842 Creator 5 15IMH05
https://s.ecrater.com/stores/473685/6276397382ea9_473685f.jpg,huwaisat,$49.99,Bitdefender Total Security 5 Device 1 Year
https://s.ecrater.com/stores/414224/62763135be9fc_414224f.jpg,anvone,$89.99,L19L3PD6 L19M3PD6 L19D3PD6 L19C3PD6 Battery Replacement For Lenovo Flex 5-14
https://s.ecrater.com/stores/414224/627630fd1c385_414224f.jpg,anvone,$89.99,L19M3PD6 Battery Replacement For Lenovo SB10X49076 SB10X49074 SB10X49071 Thinkpad Flex 5-14
https://s.ecrater.com/stores/414224/627629f74536a_414224f.jpg,anvone,$89.99,L19C3PD5 Battery Replacement For Lenovo SB10X02597 5B10X02600 Thinkpad E15 E14 Gen 2 TP00117
https://s.ecrater.com/stores/414224/627629bc94c2a_414224f.jpg,anvone,$89.99,L19M3PD5 Battery Replacement For Lenovo SB10X02591 5B10X02606 Thinkpad E14 E15 Gen 2 TP00117
https://s.ecrater.com/stores/414224/627625056266d_414224f.jpg,anvone,$79.99,M25914-005 HP GG02XL Battery Replacement HSTNN-OB1X TPN-DB0F M25863-2E1
https://s.ecrater.com/stores/414224/627623b69b5c2_414224f.jpg,anvone,$89.99,L71760-005 HP EP02XL Battery Replacement HSTNN-DB9L L71690-2B1 EP02038XL
https://s.ecrater.com/stores/414224/627623365b484_414224f.jpg,anvone,$79.99,L52579-005 HP EP02XL Battery Replacement HSTNN-DB9I L52447-2C1 EP02028XL
https://s.ecrater.com/stores/414224/6276227400d2c_414224f.jpg,anvone,$89.99,HP HK04XL Battery Replacement L84352-005 HSTNN-IB9J L83796-171
https://s.ecrater.com/stores/508387/6275f5f89a289_508387f.jpg,deborahstore,$17.50,Apple AirTag - 1 pack
https://s.ecrater.com/stores/414224/6275e64a21007_414224f.jpg,anvone,$89.99,L97355-005 HP FO02XL Battery Replacement TPN-DB0A L97353-2D1 For Chromebook 11A-NA
https://s.ecrater.com/stores/414224/6275e614d786e_414224f.jpg,anvone,$89.99,HP FO02XL Battery Replacement TPN-DB0A L97353-2D1 For HP Chromebook 11A-NA Series
https://s.ecrater.com/stores/414224/6275e5d9309fe_414224f.jpg,anvone,$89.99,HP L97355-005 Battery Replacement FO02037XL-P For HP Chromebook 11A-NA0036NR
https://s.ecrater.com/stores/414224/6275d58c47570_414224f.jpg,anvone,$29.99,Genuine new 11.55V battery for HP Envy 17-U110NR 17-U163CL 17-U175NR 17-U177CL
https://s.ecrater.com/stores/414224/6275d55a420ed_414224f.jpg,anvone,$29.99,New Genuine SG03XL Battery for Envy M7-U109DX 17-U175NR 849314-850 HSTNN-LB7E
https://s.ecrater.com/stores/414224/6275d525a083c_414224f.jpg,anvone,$29.99,SG03XL Battery for HP Envy M7 M7-u009dx M7-u109dx 17t-u100 17-u163cl 849048-421
https://s.ecrater.com/stores/414224/6275d4f2e1367_414224f.jpg,anvone,$29.99,Battery Compatible with HP HSTNN-lb7e 849049-421 sg03xl 849314856 3590mah
https://s.ecrater.com/stores/414224/6275d4b69551d_414224f.jpg,anvone,$29.99,Original SG03XL Battery For HP Envy M7-U M7-U009DX M7-U109DX 17-U011NR 17t-U000
https://s.ecrater.com/stores/414224/6275d470effa7_414224f.jpg,anvone,$29.99,Genuine SG03XL Battery for HP Envy M7-U M7-U009DX M7-U109DX 17-U011NR 17-U110NR
https://s.ecrater.com/stores/414224/6275d41fcf2dd_414224f.jpg,anvone,$29.99,Original SG03XL Battery for HP Envy M7-U M7-U009DX M7-U109DX 17-U011NR 17t-U000
https://s.ecrater.com/stores/414224/6275d3e86a592_414224f.jpg,anvone,$29.99,Genuine SG03XL HSTNN-LB7E 849315-850 849049-421 battery for HP Envy 17-U011NR US
https://s.ecrater.com/stores/414224/6275d3aca8b67_414224f.jpg,anvone,$29.99,SG03XL Battery For HP 849048-421 849049-421 849314-850 HSTNN-LB7E HSTNN-LB7F US
https://s.ecrater.com/stores/414224/6275d3729360e_414224f.jpg,anvone,$29.99,Battery for HP Envy SG03XL M7 M7-u009dx M7-u109dx 17t-u100 17-u163cl 849048-421
https://s.ecrater.com/stores/414224/6275d33a7f40c_414224f.jpg,anvone,$29.99,SGO3XL SG03XL New Battery For HP Envy M7-U009DX 17-u011nr 17t-u000 49314-856 UK
https://s.ecrater.com/stores/414224/6275d2fd99f1c_414224f.jpg,anvone,$29.99,REPLACEMENT SG03XL 849314-856 BATTERY FOR HP ENVY 17-U SERIES 11.55V 41.5WH
https://s.ecrater.com/stores/414224/6275d2c59e2df_414224f.jpg,anvone,$29.99,NEW SG03XL REPLACEMENT BATTERY FOR HP ENVY 17-U 17T-U M7-U 62WHR 849314-856
https://s.ecrater.com/stores/414224/6275d288af265_414224f.jpg,anvone,$29.99,SG03XL 849314-856 Battery For HP Envy 17-U Series 11.55V 41.5Wh 849315-850
https://s.ecrater.com/stores/414224/6275d24d8ca5e_414224f.jpg,anvone,$29.99,SG03XL Genuine Battery For HP Envy M7U M7-U009DX 17-U011NR HSTNN-LB7E 849049-421
https://s.ecrater.com/stores/414224/6275d20c8342e_414224f.jpg,anvone,$29.99,New Genuine SG03XL Battery for HP Envy M7-U109DX 17-U175NR 849314-850 HSTNN-LB7E
https://s.ecrater.com/stores/414224/6275d1d4d1bd6_414224f.jpg,anvone,$29.99,Genuine 41.5Wh SG03XL TPN-I126 Battery For HP Envy M7-U009DX 17-U011NR 17t-U000
https://s.ecrater.com/stores/414224/6275d1a09a505_414224f.jpg,anvone,$29.99,NEW Genuine SG03XL Battery for Envy 17-U110NR 17-U163CL 17-U175NR 17-U177CL
https://s.ecrater.com/stores/414224/6275d16b19ea6_414224f.jpg,anvone,$29.99,Genuine 11.55V 41.5W battery for HP Envy 17-U153NR 17-U273CL 17-U275CL 17-U292CL
https://s.ecrater.com/stores/414224/6275d131b57b3_414224f.jpg,anvone,$29.99,New 41.5Wh Genuine SG03XL Battery for Envy 17t-U000 M7U HSTNN-LB7E 849048-421
https://s.ecrater.com/stores/414224/6275d0f7c5aca_414224f.jpg,anvone,$29.99,New Genuine SG03XL Battery for Envy M7-U109DX 17-U175NR 849314-850 HSTNN-LB7E
https://s.ecrater.com/stores/414224/6275d0b1d9faf_414224f.jpg,anvone,$29.99,SG03XL Genuine Battery For Envy M7U M7-U009DX 17-U011NR HSTNN-LB7E 849049-421
https://s.ecrater.com/stores/473685/6275c173e4e27_473685f.jpg,huwaisat,$12.99,Keyblaze Typing Tutor - Enhance Typing Skills - ( Digital Delivery )..
https://s.ecrater.com/stores/491086/62759f6deddb2_491086f.jpg,egrotrade,$19.99,Elcomsoft System Recovery Professional Lifetime.
https://s.ecrater.com/stores/414224/6273cc306749a_414224f.jpg,anvone,$299.99,ND2034OL34 GS2034A ND2034HD29 ND3034 Battery Replacement For Olympus Vanta Element
https://s.ecrater.com/stores/562483/6273ac8d6c493_562483f.jpg,youisr4softs,$54.99,Vectricâ Aspire Pro v9â | For Windâ | LifeTime | [DOWNLOAD]
https://s.ecrater.com/stores/516262/6272ba29c68d8_516262f.jpg,compusave,$650.00,"Dell Vostro 5401 14"" Laptop, Intel Core  i7-1065G7, 16GB DDR4, 256GB SSD, NVIDIA MX330, Win11 Pro"
https://s.ecrater.com/stores/559023/6272819471f9c_559023f.jpg,miozosoftos,$75.99,iZotopeÂ® Ozone 9 Advancedâ v9.1 | For Windâ | LifeTime [Download]
https://s.ecrater.com/stores/504574/6271f0d1e94de_504574f.jpg,laptopsreborn,$550.00,"HP 13.3"" ENVY 13-AQ0044NR INTEL i7-8565U 1.80GHz 16GB 512GB WINDOWS 11 4k Touch"
https://s.ecrater.com/stores/410083/62718aa05a56d_410083f.jpg,claimitandframeit,$15.00,November/December 1991 Mega Play Magazine All-Sega Magazine Sega
https://s.ecrater.com/stores/516262/626f01df13a5a_516262f.jpg,compusave,$275.00,"Dell Latitude E7450 14"" Ultrabook: Intel Core I7-5600U, 8GB, 256GB SSD, Wifi, Bluetooth, Win10 Pro"
https://s.ecrater.com/stores/516262/626ed62c47cfb_516262f.jpg,compusave,$670.00,"HP ENVY 17.3"" Touchscreen Laptop, Intel Core i7-7500U,16GB, 512GB SSD, Geforce 940MX, DVDÂ±RW, Win10"
https://s.ecrater.com/stores/563175/626d982064ec2_563175f.jpg,bluebubbles22,$62.21,Usb High-Speed Converter
https://s.ecrater.com/stores/563175/626d96d9cefc2_563175f.jpg,bluebubbles22,$37.49,New Private Model 4K Live Broadcast Beauty Light Supplement Computer Camera Usb Video Hd Webcam
https://s.ecrater.com/stores/563175/626d930f32eb6_563175f.jpg,bluebubbles22,$43.95,Computer Video Camera
https://s.ecrater.com/stores/563175/626d90af24d6f_563175f.jpg,bluebubbles22,$21.69,Ultra-thin Computer Bag Notebook
https://s.ecrater.com/stores/414224/626d19e2e29f7_414224f.jpg,anvone,$499.99,GEB821 Leica Battery 879638 For Geosystems BLK2GO Handheld Lidar Scanner
https://s.ecrater.com/stores/414224/626cfcf28f45d_414224f.jpg,anvone,$499.99,U80321-2 Battery Replacement For GE LOGIQ V2 V1 System REF 5653692 Rev4
https://s.ecrater.com/stores/407567/626ce1d9967bb_407567f.jpg,androidretailworld,$141.88,GTX650 1GB DDR5 PCI-E Gaming Discrete Graphics Card HDMI+DVI+VGA Interface + Cooling Fan
https://s.ecrater.com/stores/517450/626cc8c5df366_517450f.jpg,usbuscn,$399.88,"Samsung 12.2"" Touchscreen 2-in-1 Chromebook, Intel Celeron 64GB eMMC"
https://s.ecrater.com/stores/514817/626ca26cae743_514817f.jpg,auytech,$21.99,Aluminum Type-C to RJ45 Ethernet Adapter Gigabit  Card 10/100/1000M Internet Cable Laptop
https://s.ecrater.com/stores/514817/626ca0e447a97_514817f.jpg,auytech,$19.99,Aluminum USB3.0 RJ45 Adapter Network Card To Lan Gigabit Ethernet 10/100/1000M Converter RTL8153
https://s.ecrater.com/stores/514817/626c9f1e2108d_514817f.jpg,auytech,$7.99,USB 2.0 WiFi Adapter 300M 2.4G RTL8192 Dual Band 802.11b/n/g Mini Wireless Network Card
https://s.ecrater.com/stores/534652/626ba38ec2f60_534652f.jpg,leafshop,$43.82,"Fintie Keyboard Case for iPad Air 5th (2022), 4th Generation (2020) 10.9"", Built-in Pencil Holder"
https://s.ecrater.com/stores/534652/626b9fa9d900a_534652f.jpg,leafshop,$59.82,Razer Mamba Wireless Gaming Mouse Chroma RGB Lighting For PC Mac
https://s.ecrater.com/stores/534652/626b9c4d861b9_534652f.jpg,leafshop,$139.92,"Logitech G PRO X SUPERLIGHT Wireless Gaming Mouse, HERO 25K Sensor, 25,600 DPI For PC Mac"
https://s.ecrater.com/stores/453391/626b81c272339_453391f.jpg,digitalpartservice,$90.00,ODIS Service 5.1.6 ODIS Engineering 9.2.2 Virtual Machine Flashdaten VAS5054
